{
    "model_mae": 5.52546501159668,
    "model_mse": 48.299922943115234,
    "human_mae": 4.2348189641046785,
    "human_mse": 29.276154085785556
}