{
    "model_mae": 8.619847297668457,
    "model_mse": 144.00405883789062,
    "human_mae": 4.58948056502737,
    "human_mse": 41.15976503909733
}